<annotation>
	<folder>C:/Users/nanin/Downloads/Image</folder>
	<filename>image (1).jpg</filename>
	<path>C:/Users/nanin/Downloads/Image/image (1).jpg</path>
	<source>
		<database>unknown</database>
	</source>
	<size>
		<width>1024</width>
		<height>768</height>
		<depth>3</depth>
	</size>
	<segmented>0</segmented>
	<object>
		<name>paper</name>
		<pose>Unspecified</pose>
		<truncated>0</truncated>
		<difficult>0</difficult>
		<bndbox>
			<xmin>323</xmin>
			<ymin>4</ymin>
			<xmax>660</xmax>
			<ymax>315</ymax>
		</bndbox>
	</object>
</annotation>