<annotation>
	<folder>C:/Users/nanin/Downloads/Image</folder>
	<filename>image (29).jpg</filename>
	<path>C:/Users/nanin/Downloads/Image/image (29).jpg</path>
	<source>
		<database>unknown</database>
	</source>
	<size>
		<width>1024</width>
		<height>768</height>
		<depth>3</depth>
	</size>
	<segmented>0</segmented>
	<object>
		<name>metal</name>
		<pose>Unspecified</pose>
		<truncated>0</truncated>
		<difficult>0</difficult>
		<bndbox>
			<xmin>359</xmin>
			<ymin>61</ymin>
			<xmax>615</xmax>
			<ymax>515</ymax>
		</bndbox>
	</object>
</annotation>